Region,Region_Name,Region_Type,H1_circadian_rhythm_disorder,H2_metabolic_obesity_index,H3_visual_function_impairment,H4_psychological_emotional,S1_population_density,S2_social_development_level,S3_traffic_accident_rate,S4_crime_rate,N1_vegetation_coverage,N2_biodiversity_index,N3_climate_humidity_transparency,N4_geographic_sunlight_elevation,E1_lighting_energy_per_area,E2_lighting_system_efficiency,WSM_Score,WSM_Rank,Risk_Value,Risk_Percentage,Risk_Level,Risk_Category,Risk_Description
Grand_Canyon_National_Park,美国大峡谷国家公园,受保护区域,1.0,1.0,1.0,1.0,0.0,0.0,1.0,1.0,1.0,1.0,1.0,1.0,1.0,0.0,0.7751247724156929,1,0.2248752275843071,22.48752275843071,1,可接受区域,风险较低，可以接受
Western_China_Town,中国西部小镇,农村社区,0.7714285714285714,0.7017543859649122,0.679245283018868,0.7580645161290323,0.0028949907886656,0.1489361702127659,0.7079646017699115,0.848,0.6301369863013698,0.6285714285714287,0.5200000000000001,0.6538461538461537,0.8148148148148148,0.212121212121212,0.5799347419636386,2,0.420065
London_Suburban,伦敦周边住宅区,郊区社区,0.4285714285714285,0.4736842105263157,0.4339622641509434,0.3870967741935484,0.02973945082902,0.7021276595744681,0.415929203539823,0.528,0.3150684931506849,0.2857142857142857,0.3199999999999999,0.326923076923077,0.5185185185185185,0.606060606060606,0.420547714034282,3,0.5794522859657181,57.9452580363614,42.006525803636144,3,ALARP区域,风险在可接受范围内，但应尽可能降低22859657181,3,ALARP区域,风险在可接受范围内，但应尽可能降低
Manhattan_NYC,美国纽约曼哈顿,城市社区,0.0,0.0,0.0,0.0,1.0,1.0,0.0,0.0,0.0,0.0,0.0,0.0,0.0,1.0,0.2248752275843069,4,0.7751247724156931,77.51247724156931,5,不可接受区域,风险过高，必须立即采取措施降低风险
