Rank,Alternative,Score,CI_Lower,CI_Upper,CI_Width
1,Protected,0.5268726001556794,0.0,0.7845487337869103,0.7845487337869103
2,Rural,0.47530586175330647,0.0,0.8033930439278182,0.8033930439278182
3,Suburban,0.30574551748720685,0.0,0.8574057672546961,0.8574057672546961
4,Urban,0.1488035121070928,0.0,0.24401515838495288,0.24401515838495288
