Region_Name,human_health,social_impact,ecological_impact,energy_factor
美国大峡谷国家公园,0.27128524183080294,0.1398149291993231,0.2716442393722027,0.0923803620133641
南达科他州麦库克县,0.2136087240692897,0.12202574422067813,0.2079133689385263,0.0901888963573777
纽约州斯卡斯代尔,0.12954847885731607,0.13642603381515886,0.08959319960652101,0.1166370639900749
美国纽约曼哈顿,0.0,0.13607201845048972,0.0,0.0888032091338172
