Region,Region_Name,Region_Type,State,H1_circadian_rhythm_disorder,H2_metabolic_obesity_index,H3_visual_function_impairment,H4_psychological_emotional,S1_population_density,S2_social_development_level,S3_traffic_accident_rate,S4_crime_rate,N1_vegetation_coverage,N2_biodiversity_index,N3_climate_humidity_transparency,N4_geographic_sunlight_elevation,E1_lighting_energy_per_area,E2_lighting_system_efficiency,WSM_Score,WSM_Rank
Grand_Canyon_National_Park,美国大峡谷国家公园,受保护区域,Arizona,1.0,1.0,1.0,1.0,0.0,0.0,1.0,1.0,1.0,1.0,1.0,1.0,1.0,0.0,0.7751247724156929,1
McCook_County_SD,南达科他州麦库克县,农村地区,South Dakota,0.8142857142857143,0.7543859649122806,0.7547169811320755,0.8064516129032259,0.00033336257566453196,0.06382978723404249,0.7699115044247786,0.888,0.821917808219178,0.8142857142857144,0.7200000000000001,0.7115384615384615,0.8888888888888888,0.09090909090909066,0.6337367335858719,2
Scarsdale_NY,纽约州斯卡斯代尔,郊区社区,New York,0.4857142857142857,0.5263157894736842,0.49056603773584917,0.4354838709677419,0.023774015264496885,0.7872340425531913,0.5309734513274336,0.592,0.410958904109589,0.3857142857142858,0.2600000000000001,0.2692307692307693,0.5925925925925926,0.696969696969697,0.4722047762690708,3
Manhattan_NYC,美国纽约曼哈顿,城市社区,New York,0.0,0.0,0.0,0.0,1.0,1.0,0.0,0.0,0.0,0.0,0.0,0.0,0.0,1.0,0.22487522758430692,4
