Temperature_C,P_cpu_base_W,Temp_effect_factor,P_cpu_effective_W,P_interaction_W,Impact_percent,Physical_explanation
0,0.4,0.7500,0.30000000000000004,-0.1,-25.0%,Cold slowdown
10,0.4,0.8500,0.34,-0.06,-15.0%,Cold slowdown
20,0.4,0.9500,0.38,-0.020000000000000004,-5.0%,Normal
25,0.4,1.0000,0.4,0.0,+0.0%,Normal
30,0.4,1.0500,0.42000000000000004,0.020000000000000004,+5.0%,Normal
40,0.4,1.1500,0.45999999999999996,0.06,+15.0%,CPU thermal throttling
50,0.4,1.2500,0.5,0.1,+25.0%,CPU thermal throttling
