category,category_name,entropy,diversity,weight
human_health,人类健康影响,0.9870116983551432,0.012988301644856759,0.12192952241998949
social_impact,社会影响,0.9867809203571778,0.013219079642822207,0.12409598358222397
ecological_impact,生态影响,0.9721310364425326,0.027868963557467374,0.26162384504271835
energy_factor,能源因素,0.9475533191900617,0.052446680809938306,0.4923506489550682
