Region_Name,human_health,social_impact,ecological_impact,energy_factor
美国大峡谷国家公园,27.128524183080287,13.98149291993231,27.16442393722027,9.23803620133641
南达科他州麦库克县,21.360872406928973,12.20257442206781,20.79133689385263,9.01888963573777
纽约州斯卡斯代尔,12.9548478857316,13.64260338151588,8.959319960652099,11.66370639900749
美国纽约曼哈顿,0.0,13.60720184504897,0.0,8.88032091338172
