Region,Current_Human_Health,Current_Social_Impact,Current_Ecological_Impact,Current_Energy_Factor,Projected_Human_Health,Projected_Social_Impact,Projected_Ecological_Impact,Projected_Energy_Factor,Coupling_Degree,Coordination_Level,Description
美国大峡谷国家公园,27.128524183080287,13.98149291993231,27.16442393722027,9.23803620133641,35.60094658658088,27.52057048994438,31.442319949673067,27.566293683979257,0.4940396257954489,濒临失调,系统间协调性很差，发展严重失衡
美国纽约曼哈顿,0.0,13.60720184504897,0.0,8.88032091338172,36.19505,35.229296268911376,44.349329600000004,35.40353016463398,0.47023719535160463,濒临失调,系统间协调性很差，发展严重失衡
