,idle,browsing,video,gaming,navigation
SOC_100,50.0,42.06939171504416,33.17662056812266,25.520781494963703,32.69569435672649
SOC_80,48.49449756246988,19.209799088539903,12.874822488511585,8.351245023604111,12.563408174125954
SOC_60,26.368069448010957,7.038295336965015,4.180849248997842,2.469753491610097,4.054297157632104
SOC_40,13.218475940274194,3.046290028087032,1.7635387435359502,1.024862445776489,1.7081386979681146
SOC_20,5.165903986772013,1.1553536884483275,0.6658604182307333,0.3855260857257027,0.6447998345584145
