Cell_ID,Total_Cycles,Initial_Capacity_Ah,Final_Capacity_Ah,Avg_Voltage_V,Avg_Temperature_C,Capacity_Fade_Pct
1,78,739.1109210621779,560.6495828680589,3.7421068400189634,40.04517222363842,24.15
2,73,734.8189656975843,544.914770679986,3.735017618375153,40.55723256168851,25.84
3,76,735.119595112905,565.8573030034044,3.7394992909057496,40.43640292030113,23.03
4,47,734.0756158938327,581.233771613044,3.7458484744281773,40.795674834772576,20.82
5,46,735.336070718255,456.1288635874498,3.7398837120364727,41.527968831759026,37.97
6,46,732.7947554512294,579.0231519723749,3.7431187366516983,41.46738587703512,20.98
7,77,728.7460724569092,582.8069570864598,3.7362408743211293,41.332914054698854,20.03
8,76,727.5279508776244,558.9581404180535,3.7387855529359415,40.62505535452658,23.17
