Region_Name,human_health,social_impact,ecological_impact,energy_factor
美国大峡谷国家公园,0.27128524183080294,0.1398149291993231,0.2716442393722027,0.0923803620133641
中国西部小镇,0.19877774734832881,0.12136819203321794,0.16567887065392828,0.09410993192816361
伦敦周边住宅区,0.11498281630868903,0.11898823476084794,0.08485560776560304,0.10172105519914196
美国纽约曼哈顿,0.0,0.13607201845048972,0.0,0.0888032091338172
