Region,Region_Name,Region_Type,H1_circadian_rhythm_disorder,H2_metabolic_obesity_index,H3_visual_function_impairment,H4_psychological_emotional,S1_population_density,S2_social_development_level,S3_traffic_accident_rate,S4_crime_rate,N1_vegetation_coverage,N2_biodiversity_index,N3_climate_humidity_transparency,N4_geographic_sunlight_elevation,E1_lighting_energy_per_area,E2_lighting_system_efficiency,WSM_Score,WSM_Rank
Grand_Canyon_National_Park,美国大峡谷国家公园,受保护区域,1.0,1.0,1.0,1.0,0.0,0.0,1.0,1.0,1.0,1.0,1.0,1.0,1.0,0.0,0.7751247724156929,1
Western_China_Town,中国西部小镇,农村社区,0.7714285714285714,0.7017543859649122,0.679245283018868,0.7580645161290323,0.0028949907886656723,0.14893617021276595,0.7079646017699115,0.848,0.6301369863013698,0.6285714285714287,0.5200000000000001,0.6538461538461537,0.8148148148148148,0.212121212121212,0.5799347419636386,2
London_Suburban,伦敦周边住宅区,郊区社区,0.4285714285714285,0.47368421052631576,0.43396226415094347,0.3870967741935484,0.02973945082902009,0.7021276595744681,0.415929203539823,0.528,0.3150684931506849,0.28571428571428575,0.31999999999999995,0.326923076923077,0.5185185185185185,0.606060606060606,0.420547714034282,3
Manhattan_NYC,美国纽约曼哈顿,城市社区,0.0,0.0,0.0,0.0,1.0,1.0,0.0,0.0,0.0,0.0,0.0,0.0,0.0,1.0,0.22487522758430692,4
