Scenario,Scenario_Name,P_total_W,Screen_pct,Processor_pct,Network_pct,GPS_pct,Background_pct,Primary_Driver,Primary_Driver_W,Drain_Rate_pct_per_h,Data_Source
S1_Idle,Idle,0.33517861833333334,10.569163145355963,60.97666701303257,15.381562400875302,0.0362070629495355,13.036400377786627,CPU/GPU,0.20438075,3.133380976741318,AndroWatts_Master_Table
S2_Browsing,Web Browsing,0.5194079841666667,28.073243213735026,48.62841755091041,11.653770929952382,0.026039260874473044,11.618529044527701,CPU/GPU,0.2525798833333333,4.855629230910087,AndroWatts_Master_Table
S3_Gaming,Heavy Gaming,1.3785119983333334,3.1070954322572644,83.85847818016634,4.196164057326746,0.010544582383691716,8.827717747865957,CPU/GPU,1.1559991833333334,12.88686997179427,AndroWatts_Master_Table
S4_Navigation,GPS Navigation,0.5892155008333333,7.786018007862407,72.19562979335004,8.352709367578997,0.021044931748167787,11.64459789946039,CPU/GPU,0.4253878416666666,5.508217232628492,AndroWatts_Master_Table
S5_Video,Video Streaming,0.5282051291666667,33.374928337302926,47.4162772195092,10.41401126745022,0.02476152908113799,8.770021646656511,CPU/GPU,0.25045520833333335,4.937868387243211,AndroWatts_Master_Table
