Scenario,Scenario_Name,P_total_W,Screen_pct,Processor_pct,Network_pct,GPS_pct,Background_pct,Primary_Driver,Primary_Driver_W,Drain_Rate_pct_per_h,Data_Source
S1_Idle,Idle,0.36442692499999996,20.823687766758727,56.700322476630035,13.281606456493304,0.030783492008262928,9.163599808109678,CPU/GPU,0.20663124166666666,3.4068056008027723,AndroWatts_Master_Table
S2_Browsing,Web Browsing,0.4959776325000001,21.637870937657652,58.12061998582162,10.536387444851151,0.024649969136124966,9.680471662533423,CPU/GPU,0.288265275,4.636593128441044,AndroWatts_Master_Table
S3_Gaming,Heavy Gaming,0.7760477533333332,20.911871419802576,63.37502508329321,7.733311694916919,0.017810330108294116,7.961981471879014,CPU/GPU,0.4918204583333333,7.254798290621387,AndroWatts_Master_Table
S4_Navigation,GPS Navigation,0.5867929674999999,6.2514623893591015,74.26134641488072,10.076337812734042,0.02042031971011991,9.390433063316038,CPU/GPU,0.4357603583333333,5.485570442388908,AndroWatts_Master_Table
S5_Video,Video Streaming,0.59234288,25.874345221582924,56.68691276692085,10.255716812757726,0.02228298357644928,7.160742215162047,CPU/GPU,0.33578089166666664,5.537453197728584,AndroWatts_Master_Table
